number,name,url,result,notes
1,The Solution Evaluation Knowledge Area,https://gsa.csod.com/ui/lms-learning-details/app/onlineContent/184869c1-149b-54d0-9815-7d267874fdf5,DNS ERROR,"env=external. tld=all. DNS error — [Errno 8] nodename nor servname provided, or not known"
2,Basic Analytical Methods,https://gsa.csod.com/ui/lms-learning-details/app/onlineContent/a7bff84b-cb1a-5cbc-8bea-c3f4e751d16b,DNS ERROR,"env=external. tld=all. DNS error — [Errno 8] nodename nor servname provided, or not known"
3,Business Analysis Analytical Techniques,https://gsa.csod.com/ui/lms-learning-details/app/onlineContent/2e36782b-d628-5acf-a75c-2f0f66e3db66,DNS ERROR,"env=external. tld=all. DNS error — [Errno 8] nodename nor servname provided, or not known"
4,(BOOK) Rule-Making Rules: An Analytical Framework for Political Institutions,https://gsa.csod.com/ui/lms-learning-details/app/onlineContent/622f3aa7-3dc2-5c57-b353-09e37d6681f5,DNS ERROR,"env=external. tld=all. DNS error — [Errno 8] nodename nor servname provided, or not known"
5,(ASSESSMENT) Analytical thinking,https://gsa.csod.com/ui/lms-learning-details/app/onlineContent/2aacbc96-e847-53aa-8e85-cecc967e7604,DNS ERROR,"env=external. tld=all. DNS error — [Errno 8] nodename nor servname provided, or not known"
6,All other resources,https://gsa.csod.com/GlobalSearch/Search.aspx#q=Analytical%20Thinking&s=1&a=typ%3D0%26lng%3D1%26dmin%3D0%26dkey%3D1,DNS ERROR,"env=external. tld=all. DNS error — [Errno 8] nodename nor servname provided, or not known"
7,Developing Your Analytical Skills: How to Research and Present Information,https://www.amanet.org/developing-your-analytical-skills-how-to-research-and-present-information/,FORBIDDEN (403),env=external. tld=all. HEAD returned 403 (server may not support HEAD)
8,Critical and Analytical Thinking Skills for Office Personnel,https://www.federaltraining.com/courses/analytical_skills/Critical_and_Analytical_Thinking_Skills_training.aspx,FORBIDDEN (403),env=external. tld=all. HEAD returned 403 (server may not support HEAD)
9,Building Coalitions: The Art of Successful Collaboration,https://leadership.opm.gov/programs.aspx?course=245,TIMEOUT,env=external. tld=all. Wall-clock timeout after 8s — server accepted TCP but stalled (likely TLS handshake hang)
10,Center for Leadership Development: All Collaboration Courses,https://leadership.opm.gov/search.aspx?c=37&sortby=2,TIMEOUT,env=external. tld=all. Wall-clock timeout after 8s — server accepted TCP but stalled (likely TLS handshake hang)
11,Cultivating Cross-functional Team Collaboration,https://share.percipio.com/cd/7eovnEgR2,OK (200),env=external. tld=all. HEAD returned 400; confirming with GET. HEAD=400 vs GET=200
12,Encouraging Team Communication and Collaboration,https://share.percipio.com/cd/XyhOgXc9F,OK (200),env=external. tld=all. HEAD returned 400; confirming with GET. HEAD=400 vs GET=200
13,Optimizing Virtual Collaboration,https://gsa.csod.com/ui/lms-learning-details/app/onlineContent/94ca3da0-371f-5370-864c-2de081f09b9c,DNS ERROR,"env=external. tld=all. DNS error — [Errno 8] nodename nor servname provided, or not known"
14,Exploring Virtual Collaboration,https://gsa.csod.com/ui/lms-learning-details/app/course/eadb4578-71d4-4c82-8e63-f9d887d073b3,DNS ERROR,"env=external. tld=all. DNS error — [Errno 8] nodename nor servname provided, or not known"
15,All other resources,https://gsa.csod.com/GlobalSearch/Search.aspx#q=Collaboration&s=1&a=,DNS ERROR,"env=external. tld=all. DNS error — [Errno 8] nodename nor servname provided, or not known"
16,Investigating Arguments,https://share.percipio.com/cd/EXJzE4oVy,OK (200),env=external. tld=all. HEAD returned 400; confirming with GET. HEAD=400 vs GET=200
17,Develop Your Critical Thinking and Cognitive Flexibility,https://share.percipio.com/cd/MNRiBTpd1,OK (200),env=external. tld=all. HEAD returned 400; confirming with GET. HEAD=400 vs GET=200
18,Choosing and Using the Best Solution,https://share.percipio.com/cd/LpcW8NTMl,SERVER ERROR (500),env=external. tld=all. HEAD returned 400; confirming with GET. HEAD=400 vs GET=500
19,Leadership Insights on Critical Thinking,https://gsa.csod.com/ui/lms-learning-details/app/onlineContent/86afed97-1087-5bdb-b48e-35126496bbb7,DNS ERROR,"env=external. tld=all. DNS error — [Errno 8] nodename nor servname provided, or not known"
20,(ASSESSMENT) Critical Thinking,https://gsa.csod.com/ui/lms-learning-details/app/onlineContent/fe2f37d1-cf69-5524-809d-9edf4a822117,DNS ERROR,"env=external. tld=all. DNS error — [Errno 8] nodename nor servname provided, or not known"
21,All other resources,https://gsa.csod.com/GlobalSearch/Search.aspx#q=Critical%20Thinking&s=1&a=typ%3D0%26lng%3D1%26dmin%3D0%26dkey%3D1,DNS ERROR,"env=external. tld=all. DNS error — [Errno 8] nodename nor servname provided, or not known"
22,Critical Thinking and Problem Solving,https://www.strategyex.com/explore-our-courses/business-skills/critical-thinking-and-problem-solving,OK (200),env=external. tld=all. Redirected (HEAD) → https://www.kornferry.com
23,Critical Thinking for Clear Writing: An Introduction,https://www.federaltraining.com/courses/written_communication/Critical_Thinking_for_Clear_Writing_training.aspx,FORBIDDEN (403),env=external. tld=all. HEAD returned 403 (server may not support HEAD)
24,Critical Thinking and Problem Solving BMRA,https://bmra.com/course-item/critical-thinking-and-problem-solving/,OK (200),env=external. tld=all
25,"""The FAR Bootcamp Critical Thinking for Acquisition Professionals The Source Selection Bootcamp""",https://www.thefarbootcamp.com/about-the-far-bootcamp/the-far-bootcamp-course,OK (200),env=external. tld=all. Redirected (HEAD) → https://thefarbootcamp.com/about-the-far-bootcamp/the-far-bootcamp-course
26,FHRI HR006: Effective Writing for HR Professionals \- Staffing,https://leadership.opm.gov/programs.aspx?course=262,TIMEOUT,env=external. tld=all. Wall-clock timeout after 8s — server accepted TCP but stalled (likely TLS handshake hang)
27,Design in Government: Problem Framing for Solution Finding,https://leadership.opm.gov/programs.aspx?course=298,TIMEOUT,env=external. tld=all. Wall-clock timeout after 8s — server accepted TCP but stalled (likely TLS handshake hang)
28,FHRI CL004: Writing Position Descriptions,https://leadership.opm.gov/programs.aspx?course=337,TIMEOUT,env=external. tld=all. Wall-clock timeout after 8s — server accepted TCP but stalled (likely TLS handshake hang)
29,Rapport Building in Customer Service,https://share.percipio.com/cd/Pgp2pkfJ4,SERVER ERROR (500),env=external. tld=all. HEAD returned 400; confirming with GET. HEAD=400 vs GET=500
30,Designing a Customer Service Strategy,https://share.percipio.com/cd/GVpHJGZQ4,OK (200),env=external. tld=all. HEAD returned 400; confirming with GET. HEAD=400 vs GET=200
31,Customer Service: Engaging with Customers,https://gsa.csod.com/ui/lms-learning-details/app/onlineContent/a6fce37f-d8de-5b46-ad1a-dce93fb953bd,DNS ERROR,"env=external. tld=all. DNS error — [Errno 8] nodename nor servname provided, or not known"
32,Customer Service: Discovering Customer Needs,https://gsa.csod.com/ui/lms-learning-details/app/onlineContent/2ea972eb-f0f6-5c17-944e-bc065239f1b4,DNS ERROR,"env=external. tld=all. DNS error — [Errno 8] nodename nor servname provided, or not known"
33,All other resources,https://gsa.csod.com/GlobalSearch/Search.aspx#q=Customer%20Service&s=1&a=typ%3D0%26lng%3D1%26dmin%3D0%26dkey%3D1,DNS ERROR,"env=external. tld=all. DNS error — [Errno 8] nodename nor servname provided, or not known"
34,Customer Service Excellence,https://www.graduateschool.edu/courses/customer-service-excellence,OK (200),env=external. tld=all
35,Effective Communication with Customers,https://www.graduateschool.edu/courses/effective-communication-customers,OK (200),env=external. tld=all. HEAD returned 403 (server may not support HEAD). Redirected (GET) → https://www.graduateschool.edu/courses/effective-communication-with-customers. HEAD=403 vs GET=200
36,Customer Service Skills and Techniques,https://www.managementconcepts.com/course/id/4374,OK (200),env=external. tld=all. Redirected (HEAD) → https://www.managementconcepts.com/product/4374
37,Customer Service Skills for Government Employees,https://www.federaltraining.com/courses/professional_development/Customer_Service_Skills_training.aspx,FORBIDDEN (403),env=external. tld=all. HEAD returned 403 (server may not support HEAD)
38,Build Personal Resilience,https://leadership.opm.gov/programs.aspx?course=323,TIMEOUT,env=external. tld=all. Wall-clock timeout after 8s — server accepted TCP but stalled (likely TLS handshake hang)
39,Conflict Management Skills,https://leadership.opm.gov/programs.aspx?course=44,TIMEOUT,env=external. tld=all. Wall-clock timeout after 8s — server accepted TCP but stalled (likely TLS handshake hang)
40,Decision Making and Problem Solving,https://leadership.opm.gov/programs.aspx?course=350,TIMEOUT,env=external. tld=all. Wall-clock timeout after 8s — server accepted TCP but stalled (likely TLS handshake hang)
41,Emotional Intelligence,https://leadership.opm.gov/programs.aspx?course=181,TIMEOUT,env=external. tld=all. Wall-clock timeout after 8s — server accepted TCP but stalled (likely TLS handshake hang)
42,Leadership Skills for Non-Supervisors,https://leadership.opm.gov/programs.aspx?course=14,TIMEOUT,env=external. tld=all. Wall-clock timeout after 8s — server accepted TCP but stalled (likely TLS handshake hang)
43,All other courses,https://leadership.opm.gov/search.aspx?c=3&sortby=2,TIMEOUT,env=external. tld=all. Wall-clock timeout after 8s — server accepted TCP but stalled (likely TLS handshake hang)
44,Cultivating Relationships with Your Peers,https://share.percipio.com/cd/S7t5nr3qO,SERVER ERROR (500),env=external. tld=all. HEAD returned 400; confirming with GET. HEAD=400 vs GET=500
45,Navigating Other People's Emotions,https://share.percipio.com/cd/fEbHagwO0,SERVER ERROR (500),env=external. tld=all. HEAD returned 400; confirming with GET. HEAD=400 vs GET=500
46,Choosing the Right Interpersonal Communication Method to Make Your Point,https://share.percipio.com/cd/jEQ9wLXqb,SERVER ERROR (500),env=external. tld=all. HEAD returned 400; confirming with GET. HEAD=400 vs GET=500
47,All other resources,https://gsa.csod.com/GlobalSearch/Search.aspx#q=Interpersonal%20Skills&s=1&a=typ%3D0%26lng%3D1%26dmin%3D0%26dkey%3D1,DNS ERROR,"env=external. tld=all. DNS error — [Errno 8] nodename nor servname provided, or not known"
48,Interpersonal Communications,https://ciinternational.com/services/training/,OK (200),env=external. tld=all. Redirected (HEAD) → https://ciinternational.com/learning-development/
49,Interpersonal Skills: Developing Effective Relationships,https://www.managementconcepts.com/course/id/4367,OK (200),env=external. tld=all. Redirected (HEAD) → https://www.managementconcepts.com/product/4367
50,Building Effective Organizational Relationships: An Employee's Rx,https://www.graduateschool.edu/courses/building-effective-organizational-relationships-employees-rx,OK (200),env=external. tld=all. Redirected (HEAD) → https://www.graduateschool.edu/courses/establishing-effective-relationships-with-employees
51,Interpersonal Communications,https://www.graduateschool.edu/courses/interpersonal-communications,OK (200),env=external. tld=all
52,Communication and Professional Skills,https://www.graduateschool.edu/training/curriculum-offerings/communication-professional-skills,OK (200),env=external. tld=all. Redirected (HEAD) → https://www.graduateschool.edu/topics/communication-professional-skills
53,Networking Matters,https://careerstonegroup.com/training-networking-matters.html,OK (200),env=external. tld=all
54,Working with Congress for Federal Executives,https://leadership.opm.gov/programs.aspx?course=164,TIMEOUT,env=external. tld=all. Wall-clock timeout after 8s — server accepted TCP but stalled (likely TLS handshake hang)
55,GSA OLU/Cornerstone General Use of Learning \- Employee,https://gsa.csod.com/ui/lms-learning-details/app/course/5996bedd-bef4-41bf-9c68-4033d2fcbbff,DNS ERROR,"env=external. tld=all. DNS error — [Errno 8] nodename nor servname provided, or not known"
56,GSA OLU/Cornerstone General Use of Learning \- Supervisor,https://gsa.csod.com/ui/lms-learning-details/app/course/ecdc61b3-dae7-493e-abe0-b25092b2f0b4,DNS ERROR,"env=external. tld=all. DNS error — [Errno 8] nodename nor servname provided, or not known"
57,Government Ethics,https://gsa.csod.com/ui/lms-learning-details/app/course/1ab419ce-b99b-45f3-b3b2-0089724c10ed,DNS ERROR,"env=external. tld=all. DNS error — [Errno 8] nodename nor servname provided, or not known"
58,GSA Job Aids,https://gsa.csod.com/GlobalSearch/Search.aspx#q=GSA%20Job%20Aid&s=1&a=,DNS ERROR,"env=external. tld=all. DNS error — [Errno 8] nodename nor servname provided, or not known"
59,The Knowledge Manager's Handbook: A Step-by-Step Guide to Embedding Effective Knowledge Management,https://gsa.csod.com/ui/lms-learning-details/app/material/c9c5ecb3-3de9-49c5-8cad-a29561b56a24,DNS ERROR,"env=external. tld=all. DNS error — [Errno 8] nodename nor servname provided, or not known"
60,(BOOK) Mapping Workflows and Managing Knowledge: Capturing Formal and Tacit Knowledge to Improve Performance,https://gsa.csod.com/ui/lms-learning-details/app/onlineContent/a8a986ef-2b33-5edc-b912-1b72ced23c17,DNS ERROR,"env=external. tld=all. DNS error — [Errno 8] nodename nor servname provided, or not known"
61,(BOOK) The New Edge in Knowledge: How Knowledge Management is Changing the Way we Do Business,https://gsa.csod.com/ui/lms-learning-details/app/onlineContent/d37d2c23-0fe6-5b00-9cdf-fc71fa2abd1d,DNS ERROR,"env=external. tld=all. DNS error — [Errno 8] nodename nor servname provided, or not known"
62,Inclusive Leadership in Action: Addressing DEIA Systemically,https://leadership.opm.gov/programs.aspx?course=329,TIMEOUT,env=external. tld=all. Wall-clock timeout after 8s — server accepted TCP but stalled (likely TLS handshake hang)
63,Executive Development: Leading Change,http://leadership.opm.gov/programs.aspx?c=3,TIMEOUT,env=external. tld=all. Wall-clock timeout after 8s — server accepted TCP but stalled (likely TLS handshake hang)
64,Leadership for a Democratic Society,http://leadership.opm.gov/programs.aspx?c=5,TIMEOUT,env=external. tld=all. Wall-clock timeout after 8s — server accepted TCP but stalled (likely TLS handshake hang)
65,Active Leadership and the Context for Leadership,https://gsa.csod.com/ui/lms-learning-details/app/onlineContent/25356144-9f17-5b6c-8955-841653a17cd9,DNS ERROR,"env=external. tld=all. DNS error — [Errno 8] nodename nor servname provided, or not known"
66,Leadership Transitions: Moving into Senior Leadership,https://gsa.csod.com/ui/lms-learning-details/app/onlineContent/57a19c0c-bad5-5fe0-952d-32aa7455e056,DNS ERROR,"env=external. tld=all. DNS error — [Errno 8] nodename nor servname provided, or not known"
67,Women in Leadership: Mastering Key Leadership Competencies,https://gsa.csod.com/ui/lms-learning-details/app/onlineContent/509af68b-7422-5bfa-b1fd-170286c7e03d,DNS ERROR,"env=external. tld=all. DNS error — [Errno 8] nodename nor servname provided, or not known"
68,(BOOK) Thinkers50 Leadership: Organizational Success through Leadership,https://gsa.csod.com/ui/lms-learning-details/app/onlineContent/15229811-286d-5845-a274-6d6d5fec525f,DNS ERROR,"env=external. tld=all. DNS error — [Errno 8] nodename nor servname provided, or not known"
69,Advanced Leadership Skills and Techniques,https://www.managementconcepts.com/course/id/4002,OK (200),env=external. tld=all. Redirected (HEAD) → https://www.managementconcepts.com/product/4002
70,Leadership Skills and Techniques,https://www.managementconcepts.com/course/id/4001,OK (200),env=external. tld=all. Redirected (HEAD) → https://www.managementconcepts.com/product/4001
71,Leadership Communication,http://register.graduateschool.edu/modules/shop/index.html?action=section&OfferingID=434,OK (200),env=external. tld=all. Redirected (HEAD) → https://www.graduateschool.edu/modules/shop/index.html?action=section&OfferingID=434. HEAD returned 403 (server may not support HEAD). Redirected (GET) → https://www.graduateschool.edu/courses/leadership-communication. HEAD=403 vs GET=200
72,Coaching Skills for Today's Leaders,http://register.graduateschool.edu/modules/shop/index.html?action=section&OfferingID=226,OK (200),env=external. tld=all. Redirected (HEAD) → https://www.graduateschool.edu/modules/shop/index.html?action=section&OfferingID=226. HEAD returned 403 (server may not support HEAD). Redirected (GET) → https://www.graduateschool.edu/federal-government-training. HEAD=403 vs GET=200
73,Leadership Challenge,http://register.graduateschool.edu/modules/shop/index.html?action=section&OfferingID=381,OK (200),env=external. tld=all. Redirected (HEAD) → https://www.graduateschool.edu/modules/shop/index.html?action=section&OfferingID=381. HEAD returned 403 (server may not support HEAD). Redirected (GET) → https://www.graduateschool.edu/federal-government-training. HEAD=403 vs GET=200
74,Preparing to Lead in the 21st Century,http://register.graduateschool.edu/modules/shop/index.html?action=section&OfferingID=37,FORBIDDEN (403),env=external. tld=all. Redirected (HEAD) → https://www.graduateschool.edu/modules/shop/index.html?action=section&OfferingID=37. HEAD returned 403 (server may not support HEAD)
75,Supervisory Development 1: Fundamentals,http://leadership.opm.gov/programs.aspx?c=124,TIMEOUT,env=external. tld=all. Wall-clock timeout after 8s — server accepted TCP but stalled (likely TLS handshake hang)
76,Supervisory Development 2: Learning to Lead,http://leadership.opm.gov/programs.aspx?c=125,TIMEOUT,env=external. tld=all. Wall-clock timeout after 8s — server accepted TCP but stalled (likely TLS handshake hang)
77,Management Development: Leading from the Middle,http://leadership.opm.gov/programs.aspx?c=118,TIMEOUT,env=external. tld=all. Wall-clock timeout after 8s — server accepted TCP but stalled (likely TLS handshake hang)
78,Management Development: Leading Organizations,http://leadership.opm.gov/programs.aspx?c=121,TIMEOUT,env=external. tld=all. Wall-clock timeout after 8s — server accepted TCP but stalled (likely TLS handshake hang)
79,**All other courses**,https://leadership.opm.gov/search.aspx?k=Management&sortby=2,TIMEOUT,env=external. tld=all. Wall-clock timeout after 8s — server accepted TCP but stalled (likely TLS handshake hang)
80,(CURRICULUM) Hiring Fundamentals for Managers,https://gsa.csod.com/ui/lms-learning-details/app/curriculum/e9978e95-2544-4184-9aff-c9604b1b7344,DNS ERROR,"env=external. tld=all. DNS error — [Errno 8] nodename nor servname provided, or not known"
81,(CURRICULUM) GSA Leadership Development for Managers,https://gsa.csod.com/ui/lms-learning-details/app/curriculum/dadc6239-492a-4e06-a1f6-11dc99cdfe34,DNS ERROR,"env=external. tld=all. DNS error — [Errno 8] nodename nor servname provided, or not known"
82,Harassment: Bystander Intervention for Managers,https://gsa.csod.com/ui/lms-learning-details/app/course/81f9c46d-1c33-428e-b3d2-e7d8c3270f0f,DNS ERROR,"env=external. tld=all. DNS error — [Errno 8] nodename nor servname provided, or not known"
83,(BOOK) Organizational Psychology for Managers,https://gsa.csod.com/ui/lms-learning-details/app/onlineContent/b9807cf0-d0f5-5b9c-b9ee-a924e28e0efe,DNS ERROR,"env=external. tld=all. DNS error — [Errno 8] nodename nor servname provided, or not known"
84,Leadership Essentials,http://register.graduateschool.edu/modules/shop/index.html?action=section&OfferingID=10,OK (200),env=external. tld=all. Redirected (HEAD) → https://www.graduateschool.edu/modules/shop/index.html?action=section&OfferingID=10. HEAD returned 403 (server may not support HEAD). Redirected (GET) → https://www.graduateschool.edu/federal-government-training. HEAD=403 vs GET=200
85,Introduction to Management,http://register.graduateschool.edu/modules/shop/index.html?action=section&OfferingID=201,FORBIDDEN (403),env=external. tld=all. Redirected (HEAD) → https://www.graduateschool.edu/modules/shop/index.html?action=section&OfferingID=201. HEAD returned 403 (server may not support HEAD)
86,The Power of Influence over Authority,http://register.graduateschool.edu/modules/shop/index.html?action=section&OfferingID=303,OK (200),env=external. tld=all. Redirected (HEAD) → https://www.graduateschool.edu/courses/the-power-of-influence-over-authority
87,Introduction to Supervision,http://register.graduateschool.edu/modules/shop/index.html?action=section&OfferingID=256,OK (200),env=external. tld=all. Redirected (HEAD) → https://www.graduateschool.edu/courses/introduction-to-supervision
88,Leadership Assessment Program Level 1,https://leadership.opm.gov/programs.aspx?course=9,TIMEOUT,env=external. tld=all. Wall-clock timeout after 8s — server accepted TCP but stalled (likely TLS handshake hang)
89,Increasing Influence at Work,https://leadership.opm.gov/programs.aspx?course=351,TIMEOUT,env=external. tld=all. Wall-clock timeout after 8s — server accepted TCP but stalled (likely TLS handshake hang)
90,Leading Hybrid Teams,https://leadership.opm.gov/programs.aspx?course=354,TIMEOUT,env=external. tld=all. Wall-clock timeout after 8s — server accepted TCP but stalled (likely TLS handshake hang)
91,Design in Government: Introduction to Human-Centered Design,https://leadership.opm.gov/programs.aspx?course=234,TIMEOUT,env=external. tld=all. Wall-clock timeout after 8s — server accepted TCP but stalled (likely TLS handshake hang)
92,(CHANNEL) Oral Communication,https://gsa.percipio.com/channels/f1215f10-f91e-11e6-aad2-6b3c03be7fe8?sharelink=bzQEvZ78XEkBa&tab=WATCH,OK (200),env=external. tld=all
93,(ASSESSMENT) Oral Communication,https://gsa.csod.com/ui/lms-learning-details/app/onlineContent/03082612-895e-5c7b-8d86-b2efbe4d646ahttps://gsa.csod.com/ui/lms-learning-details/app/onlineContent/03082612-895e-5c7b-8d86-b2efbe4d646a,INVALID URL,env=external. tld=all. Appears to be two concatenated URLs. Second URL starts at position 99
94,Communicating Strategically,https://www.managementconcepts.com/course/id/4320,OK (200),env=external. tld=all. Redirected (HEAD) → https://www.managementconcepts.com/product/4320
95,Adapting to Organizational Change: Enabling 21st Century Leaders,https://leadership.opm.gov/programs.aspx?course=151,TIMEOUT,env=external. tld=all. Wall-clock timeout after 8s — server accepted TCP but stalled (likely TLS handshake hang)
96,Gaining Insight through Organizational Awareness,https://share.percipio.com/cd/Z-o-NmMhi,OK (200),env=external. tld=all. HEAD returned 400; confirming with GET. HEAD=400 vs GET=200
97,Crisis Leadership,https://leadership.opm.gov/programs.aspx?course=43,TIMEOUT,env=external. tld=all. Wall-clock timeout after 8s — server accepted TCP but stalled (likely TLS handshake hang)
98,Organizational and Time Management Skills,https://leadership.opm.gov/programs.aspx?course=285,TIMEOUT,env=external. tld=all. Wall-clock timeout after 8s — server accepted TCP but stalled (likely TLS handshake hang)
99,Senior Executive Leadership Lab: Cyber-Breach\! What Every Senior Executive Needs to Know (and Do) When,https://leadership.opm.gov/programs.aspx?course=225,TIMEOUT,env=external. tld=all. Wall-clock timeout after 8s — server accepted TCP but stalled (likely TLS handshake hang)
100,Solve Problems Using Systems Thinking in the Workplace,https://share.percipio.com/cd/Ag6CTI_g0,SERVER ERROR (500),env=external. tld=all. HEAD returned 400; confirming with GET. HEAD=400 vs GET=500
101,Getting to the Root of the Problem,https://share.percipio.com/cd/7TIXpEDA-,SERVER ERROR (500),env=external. tld=all. HEAD returned 400; confirming with GET. HEAD=400 vs GET=500
102,Leading Through Problem Solving and Decision Making,https://share.percipio.com/cd/mZw7JQf-H,OK (200),env=external. tld=all. HEAD returned 400; confirming with GET. HEAD=400 vs GET=200
103,Problem Solving: Defining and Stating the Problem,https://gsa.csod.com/ui/lms-learning-details/app/onlineContent/64fd286c-fe9c-58a9-a189-7931d356702e,DNS ERROR,"env=external. tld=all. DNS error — [Errno 8] nodename nor servname provided, or not known"
104,Decision Making and Problem Solving,https://www.graduateschool.edu/courses/decision-making-and-problem-solving,OK (200),env=external. tld=all
105,Critical Thinking and Problem Solving,https://www.bmra.com/professional-development/Critical-Thinking-and-Problem-Solving,NOT FOUND (404),env=external. tld=all. Redirected (HEAD) → https://bmra.com/professional-development/Critical-Thinking-and-Problem-Solving. HEAD returned 404; confirming with GET
106,Managing Conflict and Negotiating Agreement,https://ciinternational.com/services/training,OK (200),env=external. tld=all. Redirected (HEAD) → https://ciinternational.com/learning-development/
107,Foundations of Project Management,https://leadership.opm.gov/programs.aspx?course=47,TIMEOUT,env=external. tld=all. Wall-clock timeout after 8s — server accepted TCP but stalled (likely TLS handshake hang)
108,New Project Manager Essentials,https://gsa.csod.com/ui/lms-learning-details/app/onlineContent/12cde938-a644-5281-8212-143e9342a695,DNS ERROR,"env=external. tld=all. DNS error — [Errno 8] nodename nor servname provided, or not known"
109,Managing a Project to Minimize Risk and Maximize Quality,https://gsa.csod.com/ui/lms-learning-details/app/onlineContent/e13092bf-687e-5031-a6a4-654904faf255,DNS ERROR,"env=external. tld=all. DNS error — [Errno 8] nodename nor servname provided, or not known"
110,PMBOK: Strategically Focused Project Management,https://gsa.csod.com/ui/lms-learning-details/app/onlineContent/73930094-4f9a-5cb0-80f9-2305a5907e65,DNS ERROR,"env=external. tld=all. DNS error — [Errno 8] nodename nor servname provided, or not known"
111,Delivering Project Quality (2021 Update),https://gsa.csod.com/ui/lms-learning-details/app/onlineContent/287025d3-e8c1-5877-b7c0-208571d1d5ac,DNS ERROR,"env=external. tld=all. DNS error — [Errno 8] nodename nor servname provided, or not known"
112,PRINCE2 Project Management Overview,https://gsa.csod.com/ui/lms-learning-details/app/onlineContent/c1a6ab87-5643-55d3-86a0-6fdacc833bb6,DNS ERROR,"env=external. tld=all. DNS error — [Errno 8] nodename nor servname provided, or not known"
113,PMBOK: Quality Methodologies and Standards for Project Management,https://gsa.csod.com/ui/lms-learning-details/app/onlineContent/bd78212d-e21f-5e2d-933a-f0e05a62162f,DNS ERROR,"env=external. tld=all. DNS error — [Errno 8] nodename nor servname provided, or not known"
114,Applied Leadership in Projects and Programs,https://www.managementconcepts.com/course/id/6886,OK (200),env=external. tld=all. Redirected (HEAD) → https://www.managementconcepts.com/product/6886
115,Project Management Essentials,https://register.graduateschool.edu/modules/shop/index.html?action=section&OfferingID=1015&SectionID=19086&_ga=2.203095697.1653664909.1597668799-1279683641.1597668799,OK (200),env=external. tld=all. Redirected (HEAD) → https://www.graduateschool.edu/federal-government-training
116,Managing IT Projects,https://bmra.com/course-item/fpm-511-managing-it-projects/,OK (200),env=external. tld=all
117,Introduction to Agile Project Management,https://register.graduateschool.edu/modules/shop/index.html?action=section&OfferingID=942&SectionID=18942&_ga=2.194722349.1653664909.1597668799-1279683641.1597668799,OK (200),env=external. tld=all. Redirected (HEAD) → https://www.graduateschool.edu/federal-government-training
118,Project Management Principles,https://www.managementconcepts.com/course/id/6100,OK (200),env=external. tld=all. Redirected (HEAD) → https://www.managementconcepts.com/product/6100
119,FHRI SS230: Workforce Planning Basics,https://leadership.opm.gov/programs.aspx?course=278,TIMEOUT,env=external. tld=all. Wall-clock timeout after 8s — server accepted TCP but stalled (likely TLS handshake hang)
120,(BOOK) Competency-Based Human Resource Management,https://gsa.csod.com/ui/lms-learning-details/app/onlineContent/e81084d3-0383-5894-9af7-611063b21841,DNS ERROR,"env=external. tld=all. DNS error — [Errno 8] nodename nor servname provided, or not known"
121,(CHANNEL) Human Capital Management,https://gsa.csod.com/ui/lms-learning-details/app/onlineContent/108f93fc-7721-5f93-87be-c8931d5684b5,DNS ERROR,"env=external. tld=all. DNS error — [Errno 8] nodename nor servname provided, or not known"
122,Executive Development: Leading Change,https://leadership.opm.gov/programs.aspx?course=3,TIMEOUT,env=external. tld=all. Wall-clock timeout after 8s — server accepted TCP but stalled (likely TLS handshake hang)
123,Stakeholder Engagement,https://share.percipio.com/cd/2_cWTDp-7,OK (200),env=external. tld=all. HEAD returned 400; confirming with GET. HEAD=400 vs GET=200
124,Managing & Engaging Stakeholders,https://gsa.csod.com/ui/lms-learning-details/app/onlineContent/ea8234c6-5054-5917-aec1-1d69aadb392f,DNS ERROR,"env=external. tld=all. DNS error — [Errno 8] nodename nor servname provided, or not known"
125,Effective Stakeholder Communications for IT Professionals,https://gsa.csod.com/ui/lms-learning-details/app/onlineContent/2ba1bc2b-66ac-50ad-8c1f-88921caf9785,DNS ERROR,"env=external. tld=all. DNS error — [Errno 8] nodename nor servname provided, or not known"
126,Agile Stakeholder Engagement and Team Development,https://gsa.csod.com/ui/lms-learning-details/app/onlineContent/2dae32cf-50ba-508d-a10d-96641c66a06c,DNS ERROR,"env=external. tld=all. DNS error — [Errno 8] nodename nor servname provided, or not known"
127,Stakeholder Communication: Software Projects & Stakeholder Communication,https://gsa.csod.com/ui/lms-learning-details/app/onlineContent/3d5c9804-9384-52b1-943e-c05c17ebe921,DNS ERROR,"env=external. tld=all. DNS error — [Errno 8] nodename nor servname provided, or not known"
128,Managing Stakeholder Expectations and Relationships,https://www.managementconcepts.com/course/id/6162,OK (200),env=external. tld=all. Redirected (HEAD) → https://www.managementconcepts.com/product/6162
129,Process Improvement: Data-Driven Root Cause Analysis,https://leadership.opm.gov/programs.aspx?course=359,TIMEOUT,env=external. tld=all. Wall-clock timeout after 8s — server accepted TCP but stalled (likely TLS handshake hang)
130,Leadership Competencies: Applying the ECQs,https://leadership.opm.gov/programs.aspx?course=8,TIMEOUT,env=external. tld=all. Wall-clock timeout after 8s — server accepted TCP but stalled (likely TLS handshake hang)
131,Process Improvement: Managing & Mitigating Risks,https://leadership.opm.gov/programs.aspx?course=358,TIMEOUT,env=external. tld=all. Wall-clock timeout after 8s — server accepted TCP but stalled (likely TLS handshake hang)
132,All other trainings,https://leadership.opm.gov/search.aspx?c=11&sortby=2,TIMEOUT,env=external. tld=all. Wall-clock timeout after 8s — server accepted TCP but stalled (likely TLS handshake hang)
133,Thinking Strategically as a Manager,https://share.percipio.com/cd/bf1HenVSk,SERVER ERROR (500),env=external. tld=all. HEAD returned 400; confirming with GET. HEAD=400 vs GET=500
134,Using Strategic Thinking to Consider the Big Picture,https://share.percipio.com/cd/qdoTIajNU,SERVER ERROR (500),env=external. tld=all. HEAD returned 400; confirming with GET. HEAD=400 vs GET=500
135,(CHANNEL) Strategic Thinking,https://gsa.csod.com/ui/lms-learning-details/app/onlineContent/aecb2de0-7f28-5571-94c9-805a184bfc0c,DNS ERROR,"env=external. tld=all. DNS error — [Errno 8] nodename nor servname provided, or not known"
136,Leading with Strategic Thinking,https://gsa.csod.com/ui/lms-learning-details/app/onlineContent/e8ffcdfe-5cf9-5677-a686-d1d1de206566,DNS ERROR,"env=external. tld=all. DNS error — [Errno 8] nodename nor servname provided, or not known"
137,Expert Insights on Strategic Thinking,https://gsa.csod.com/ui/lms-learning-details/app/onlineContent/660edb16-8e1f-5c56-9dbc-c189fce1df8c,DNS ERROR,"env=external. tld=all. DNS error — [Errno 8] nodename nor servname provided, or not known"
138,Tactical to Strategic Thinking,https://www.managementconcepts.com/course/id/4062,OK (200),env=external. tld=all. Redirected (HEAD) → https://www.managementconcepts.com/product/4062
139,Strategic Planning for Government Organizations,https://www.graduateschool.edu/courses/strategic-planning-for-government-organizations,FORBIDDEN (403),env=external. tld=all. HEAD returned 403 (server may not support HEAD)
140,Team Development,https://leadership.opm.gov/programs.aspx?course=150,TIMEOUT,env=external. tld=all. Wall-clock timeout after 8s — server accepted TCP but stalled (likely TLS handshake hang)
141,Conflict and Negotiations for Federal Executives,https://leadership.opm.gov/programs.aspx?course=195,TIMEOUT,env=external. tld=all. Wall-clock timeout after 8s — server accepted TCP but stalled (likely TLS handshake hang)
142,Building and Leading Successful Teams,https://share.percipio.com/cd/Gtum_LvgU,SERVER ERROR (500),env=external. tld=all. HEAD returned 400; confirming with GET. HEAD=400 vs GET=500
143,Effective Team Communication,https://share.percipio.com/cd/PO3vR5Mtl,SERVER ERROR (500),env=external. tld=all. HEAD returned 400; confirming with GET. HEAD=400 vs GET=500
144,Trust Building through Effective Communication,https://share.percipio.com/cd/qvbLGNM-I,SERVER ERROR (500),env=external. tld=all. HEAD returned 400; confirming with GET. HEAD=400 vs GET=500
145,(ASSESSMENT) Effective Teamwork,https://gsa.csod.com/ui/lms-learning-details/app/onlineContent/ae685ef9-c1da-5ae8-a049-732ac19b6c25,DNS ERROR,"env=external. tld=all. DNS error — [Errno 8] nodename nor servname provided, or not known"
146,Jumpstart High-Performing Teams,https://register.graduateschool.edu/modules/shop/index.html?action=section&OfferingID=1232&SectionID=20994&_ga=2.4337075.1653664909.1597668799-1279683641.1597668799,OK (200),env=external. tld=all. Redirected (HEAD) → https://www.graduateschool.edu/federal-government-training
147,Managing Virtual Teams,https://www.managementconcepts.com/course/id/4730,OK (200),env=external. tld=all. Redirected (HEAD) → https://www.managementconcepts.com/product/4730
148,Working on Virtual Teams,https://www.managementconcepts.com/course/id/4370,OK (200),env=external. tld=all. Redirected (HEAD) → https://www.managementconcepts.com/product/4370
149,Building Effective Teams,https://www.strategyex.com/explore-our-courses/adaptive-strategic-execution-program/building-effective-teams,OK (200),env=external. tld=all. Redirected (HEAD) → https://www.kornferry.com
150,Supervisory Development 1: Fundamentals,https://leadership.opm.gov/programs.aspx?course=124,TIMEOUT,env=external. tld=all. Wall-clock timeout after 8s — server accepted TCP but stalled (likely TLS handshake hang)
151,Design in Government: Designing Accessible Communications,https://leadership.opm.gov/programs.aspx?course=328,TIMEOUT,env=external. tld=all. Wall-clock timeout after 8s — server accepted TCP but stalled (likely TLS handshake hang)
152,(CHANNEL) Written Communication,https://gsa.csod.com/ui/lms-learning-details/app/onlineContent/603b9357-ecf2-517a-9b17-dc4d275c10ee,DNS ERROR,"env=external. tld=all. DNS error — [Errno 8] nodename nor servname provided, or not known"
153,Editing and Proofreading Business Documents,https://share.percipio.com/cd/2S_E6DWrt,SERVER ERROR (500),env=external. tld=all. HEAD returned 400; confirming with GET. HEAD=400 vs GET=500
154,Clarity and Conciseness in Business Writing,https://share.percipio.com/cd/VpdpsTWBw,SERVER ERROR (500),env=external. tld=all. HEAD returned 400; confirming with GET. HEAD=400 vs GET=500
155,Improving Your Technical Writing Skills,https://share.percipio.com/cd/FknMm9lmG,SERVER ERROR (500),env=external. tld=all. HEAD returned 400; confirming with GET. HEAD=400 vs GET=500
156,"Communicating Up, Down, and Across Organizations",https://bmra.com/course-item/communicating-up-down-and-across-organizations/,OK (200),env=external. tld=all
157,Business Writing Matters,https://careerstonegroup.com/training-writing-matters.html,OK (200),env=external. tld=all
158,Report Writing,https://www.federaltraining.com/courses/written_communication/Report_Writing_fundamentals_training.aspx,FORBIDDEN (403),env=external. tld=all. HEAD returned 403 (server may not support HEAD)
159,Fundamentals of Writing,https://www.graduateschool.edu/courses/fundamentals-of-writing,FORBIDDEN (403),env=external. tld=all. HEAD returned 403 (server may not support HEAD)
160,Government Technical Writing,https://www.bmra.com/professional-development/Government-Technical-Writing,NOT FOUND (404),env=external. tld=all. Redirected (HEAD) → https://bmra.com/professional-development/Government-Technical-Writing. HEAD returned 404; confirming with GET
161,GSA Acquisition Portal \- Acquisition Career Management,https://insite.gsa.gov/employee-resources/acquisition-purchases-and-payments/acquisition-portal/acquisition-career-management,OK (200),env=external. tld=all. Domain 'insite.gsa.gov' is internal/restricted — results may fail or require authentication from outside VPN. Redirected (HEAD) → https://auth.gsa.gov/oauth2/v1/authorize?client_id=0oabren9fzQyIdP7A4h7&response_type=code&scope=openid%20email%20profile&redirect_uri=https%3A//insite.gsa.gov/openid-connect/okta&state=0eorrsRECuwCIn8UtVCxmRyaw0QnMnK6hI1eNGnjoQM&code_challenge_method=S256&code_challenge=brZTQHRAmiX1EjoODfF-uYGa65CoG4GISIpImNUiFtk
162,Acquisition Overview,https://gsa.csod.com/ui/lms-learning-details/app/course/52d8952c-ea95-4042-8a5c-9b8e09acbf1f,DNS ERROR,"env=external. tld=all. DNS error — [Errno 8] nodename nor servname provided, or not known"
163,Acquisition Strategy,https://www.managementconcepts.com/Training/Browse-Training?search=Acquisition,OK (200),env=external. tld=all. Redirected (HEAD) → https://www.managementconcepts.com/search/courses/?search=Acquisition
164,OMB Max Budget Training (recorded sessions),https://community.max.gov/display/Budget/Budget+LoB+Budget+Training,OK (200),env=external. tld=all. Domain 'community.max.gov' is internal/restricted — results may fail or require authentication from outside VPN. Redirected (HEAD) → https://login.max.gov/cas/login?service=https%3A%2F%2Fcommunity.connect.gov%2Fpages%2Ftinyurl.action%3FurlIdentifier%3DpoQVkQ%2F
165,(CHANNEL) Budgeting,https://gsa.csod.com/ui/lms-learning-details/app/onlineContent/4939f731-da02-56c8-aabe-57d391ec54ec,DNS ERROR,"env=external. tld=all. DNS error — [Errno 8] nodename nor servname provided, or not known"
166,Basic Budgeting for Non-financial Professionals,https://share.percipio.com/cd/d9d2ShBiF,OK (200),env=external. tld=all. HEAD returned 400; confirming with GET. HEAD=400 vs GET=200
167,(ASSESSMENT) Finance and Budgeting Skills,https://gsa.csod.com/ui/lms-learning-details/app/onlineContent/da644354-f20a-57a0-8824-690f87a065ed,DNS ERROR,"env=external. tld=all. DNS error — [Errno 8] nodename nor servname provided, or not known"
168,Creating a Project Schedule and Budget,https://gsa.csod.com/ui/lms-learning-details/app/onlineContent/4afd7ffb-b759-50b5-a207-c8d2964514b2,DNS ERROR,"env=external. tld=all. DNS error — [Errno 8] nodename nor servname provided, or not known"
169,The Federal Budget Process,https://www.managementconcepts.com/course/id/5090,OK (200),env=external. tld=all. Redirected (HEAD) → https://www.managementconcepts.com/product/5090
170,Federal Budgeting: An Introduction,https://www.federaltraining.com/courses/financial-management-federal-budget/federal-budgeting-training.aspx,FORBIDDEN (403),env=external. tld=all. HEAD returned 403 (server may not support HEAD)
171,Advanced Budget and Appropriations Process,https://gai.georgetown.edu/?p=470,NOT FOUND (404),env=external. tld=all. HEAD returned 404; confirming with GET
172,Budget Formulation,https://www.managementconcepts.com/course/id/5118,OK (200),env=external. tld=all. Redirected (HEAD) → https://www.managementconcepts.com/product/5118
173,"Budget Analyst’s Essential Guide to Formulation, Justification, and Execution",https://www.managementconcepts.com/course/id/5321,OK (200),env=external. tld=all. Redirected (HEAD) → https://www.managementconcepts.com/product/5321
174,Data Compliance Channel,https://share.percipio.com/cd/EeXsPDppT,SERVER ERROR (500),"env=external. tld=all. Stripped trailing chars from URL (was ""https://share.percipio.com/cd/EeXsPDppT'""). HEAD returned 400; confirming with GET. HEAD=400 vs GET=500"
175,Compliance Short Cybersecurity,https://gsa.csod.com/ui/lms-learning-details/app/course/1a80d8f2-937a-4d24-b43b-f4e6b4afa155,DNS ERROR,"env=external. tld=all. DNS error — [Errno 8] nodename nor servname provided, or not known"
176,"Cloud Security, Risk, and Compliance: Risk & Compliance in the Cloud Era",https://gsa.csod.com/ui/lms-learning-details/app/onlineContent/7ca21b4d-e2eb-507b-9fc3-0453e0433a78,DNS ERROR,"env=external. tld=all. DNS error — [Errno 8] nodename nor servname provided, or not known"
177,Compliance Brief: Sanctions,https://gsa.csod.com/ui/lms-learning-details/app/course/e9cf6083-c5bd-445a-86b0-6d3bb45cfbd0,DNS ERROR,"env=external. tld=all. DNS error — [Errno 8] nodename nor servname provided, or not known"
178,Compliance Training Program Management,https://gsa.csod.com/ui/lms-learning-details/app/course/e3b7c195-4aae-4f18-81d7-b7ed02837b52,DNS ERROR,"env=external. tld=all. DNS error — [Errno 8] nodename nor servname provided, or not known"
179,Advanced Legislative Process,https://gai.georgetown.edu/advanced-legislative-process-2-days/,OK (200),env=external. tld=all
180,FAC-COR Training,https://www.fai.gov/certification/fac-cor,OK (200),env=external. tld=all
181,FAC-P/PM,https://insite.gsa.gov/employee-resources/acquisition-purchases-and-payments/acquisition-portal/acquisition-career-management/certification-programs/federal-acquisition-certification-for-program-project-managers-facp-pm,OK (200),env=external. tld=all. Domain 'insite.gsa.gov' is internal/restricted — results may fail or require authentication from outside VPN. Redirected (HEAD) → https://auth.gsa.gov/oauth2/v1/authorize?client_id=0oabren9fzQyIdP7A4h7&response_type=code&scope=openid%20email%20profile&redirect_uri=https%3A//insite.gsa.gov/openid-connect/okta&state=IFbvo14UTQwL8NvijLOfhcWfSgOBtY595NntMd7XtGk&code_challenge_method=S256&code_challenge=r2Ees01mT_pBiM7C1mykvZj_ujpDMQ2Uo2bxFGZa6gI
182,FAC-P/PM-IT Core-Plus Specialization,https://insite.gsa.gov/employee-resources/acquisition-purchases-and-payments/acquisition-portal/acquisition-career-management/certification-programs/facp-pm/facp-pmit-coreplus-specialization,OK (200),env=external. tld=all. Domain 'insite.gsa.gov' is internal/restricted — results may fail or require authentication from outside VPN. Redirected (HEAD) → https://auth.gsa.gov/oauth2/v1/authorize?client_id=0oabren9fzQyIdP7A4h7&response_type=code&scope=openid%20email%20profile&redirect_uri=https%3A//insite.gsa.gov/openid-connect/okta&state=H6bpEPzjMqxv39IHblBa98AXiyxgqVkeLsR_SsugJ9I&code_challenge_method=S256&code_challenge=gMMlAFBYe9I0_35vjM6cB3XiHLU-Ee5y0_R7sIh-wvA
183,Appropriation Law in Contracting,https://www.managementconcepts.com/Training/Browse-Training?search=Appropriation%20Law%20in%20Contracting,OK (200),env=external. tld=all. Redirected (HEAD) → https://www.managementconcepts.com/search/courses/?search=Appropriation+Law+in+Contracting
184,(CHANNEL) Data Analytics,https://gsa.csod.com/ui/lms-learning-details/app/onlineContent/917b3bc1-a3d8-51f5-8e7b-912d1e58d14b,DNS ERROR,"env=external. tld=all. DNS error — [Errno 8] nodename nor servname provided, or not known"
185,Data Research Exploration Techniques,https://gsa.csod.com/samldefault.aspx?ouid=1&returnurl=%252fDeepLink%252fProcessRedirect.aspx%253fmodule%253dlodetails%2526lo%253d3e3cd8bc-651d-59c9-b3fe-87394584c5b6,DNS ERROR,"env=external. tld=all. DNS error — [Errno 8] nodename nor servname provided, or not known"
186,Data Analysis Application,https://gsa.csod.com/samldefault.aspx?ouid=1&returnurl=%252fDeepLink%252fProcessRedirect.aspx%253fmodule%253dlodetails%2526lo%253d8df81085-1744-56ce-a8a2-f4adffa57147,DNS ERROR,"env=external. tld=all. DNS error — [Errno 8] nodename nor servname provided, or not known"
187,CompTIA Data+: Data Analytics Tools,https://gsa.csod.com/ui/lms-learning-details/app/onlineContent/4461e20d-ecc0-51ed-baa5-1c19c0d3dd74,DNS ERROR,"env=external. tld=all. DNS error — [Errno 8] nodename nor servname provided, or not known"
188,Azure Data Fundamentals: Data Analytics,https://gsa.csod.com/ui/lms-learning-details/app/onlineContent/e4e5dd2c-5aa2-5461-99ba-9f518332b302,DNS ERROR,"env=external. tld=all. DNS error — [Errno 8] nodename nor servname provided, or not known"
189,(BOOK) Applied Economic Analysis of Information and Risk,http://V,INVALID URL,env=external. tld=all. Invalid hostname — no dots and not an IP address: 'v'
190,"(BOOK) Regression Analysis: Understanding and Building Business and Economic Models Using Excel, Second Edition",https://gsa.csod.com/ui/lms-learning-details/app/onlineContent/b299fac5-447f-53d7-b9fc-8952b981c970,DNS ERROR,"env=external. tld=all. DNS error — [Errno 8] nodename nor servname provided, or not known"
191,"(BOOK) Time Series Analysis and Adjustment: Measuring, Modelling and Forecasting for Business and Economics",https://gsa.csod.com/ui/lms-learning-details/app/onlineContent/78daaeb7-bbef-57bf-bafd-d23e959bb7e8,DNS ERROR,"env=external. tld=all. DNS error — [Errno 8] nodename nor servname provided, or not known"
192,The Federal Financial Process: An Overview,https://www.federaltraining.com/courses/federal_budget_financial_management/federal_financial_management_training.aspx,FORBIDDEN (403),env=external. tld=all. HEAD returned 403 (server may not support HEAD)
193,(CHANNEL) Financial Analysis,https://gsa.csod.com/ui/lms-learning-details/app/onlineContent/5d552511-9766-54d9-a0f2-e8dc2f8a274a,DNS ERROR,"env=external. tld=all. DNS error — [Errno 8] nodename nor servname provided, or not known"
194,Financial Statement Analysis for Non-financial Professionals,https://gsa.csod.com/ui/lms-learning-details/app/onlineContent/29484b95-3b67-57a8-b9f3-441dbb4f8366,DNS ERROR,"env=external. tld=all. DNS error — [Errno 8] nodename nor servname provided, or not known"
195,"(BOOK) Financial Analysis: A Controller's Guide, Second Edition",https://gsa.csod.com/ui/lms-learning-details/app/onlineContent/c2464d85-52f1-5321-84e5-4ff06cd23ffe,DNS ERROR,"env=external. tld=all. DNS error — [Errno 8] nodename nor servname provided, or not known"
196,(BOOK) Financial Management for Non-Financial Managers,https://gsa.csod.com/ui/lms-learning-details/app/onlineContent/576b4843-03cb-5d69-8b38-140494673c38,DNS ERROR,"env=external. tld=all. DNS error — [Errno 8] nodename nor servname provided, or not known"
197,"(BOOK) The Executive's Guide to Financial Management: Improving Risk, Strategy, and Financial Performance",https://gsa.csod.com/ui/lms-learning-details/app/onlineContent/0dadf48f-87b9-500d-b975-459b29e21ecd,DNS ERROR,"env=external. tld=all. DNS error — [Errno 8] nodename nor servname provided, or not known"
198,(BOOK) Budgeting and Financial Management in the Federal Government,https://gsa.csod.com/ui/lms-learning-details/app/onlineContent/01be11d7-2f02-5553-a150-31bbc96a27ce,DNS ERROR,"env=external. tld=all. DNS error — [Errno 8] nodename nor servname provided, or not known"
199,Federal Financial Management Overview,https://www.managementconcepts.com/course/id/5051,OK (200),env=external. tld=all. Redirected (HEAD) → https://www.managementconcepts.com/product/5051
200,Contemporary Issues In Federal Financial Management,https://www.managementconcepts.com/course/id/5749,OK (200),env=external. tld=all. Redirected (HEAD) → https://www.managementconcepts.com/product/5749
201,Senior Executive Forum: Using Agile Methods to Improve the Customer Experience,https://leadership.opm.gov/programs.aspx?course=343,TIMEOUT,env=external. tld=all. Wall-clock timeout after 8s — server accepted TCP but stalled (likely TLS handshake hang)
202,Certified Information Systems Auditor (CISA) 2019: System Design & Analysis,https://gsa.csod.com/ui/lms-learning-details/app/onlineContent/afcbd18e-09cd-5b3b-90fa-8d269bb448c1,DNS ERROR,"env=external. tld=all. DNS error — [Errno 8] nodename nor servname provided, or not known"
203,CCSP 2019: Cloud System Architecture Design,https://gsa.csod.com/ui/lms-learning-details/app/onlineContent/e947167c-ff6e-5bc2-990f-af69bcb85bae,DNS ERROR,"env=external. tld=all. DNS error — [Errno 8] nodename nor servname provided, or not known"
204,Programming Fundamentals: Systematic Design with Pseudocode,https://gsa.csod.com/ui/lms-learning-details/app/onlineContent/9274a15f-80df-518f-8b16-7d5f06895fd4,DNS ERROR,"env=external. tld=all. DNS error — [Errno 8] nodename nor servname provided, or not known"
205,FHRI SS002: Staffing Laws and Regulations,https://leadership.opm.gov/programs.aspx?course=263,TIMEOUT,env=external. tld=all. Wall-clock timeout after 8s — server accepted TCP but stalled (likely TLS handshake hang)
206,Cybersecurity: Legal Considerations and Cybercrime Investigations,https://gsa.csod.com/ui/lms-learning-details/app/onlineContent/0975494a-a942-5ec8-ae2b-307c7fbb9e1d,DNS ERROR,"env=external. tld=all. DNS error — [Errno 8] nodename nor servname provided, or not known"
207,FMLA Leave and More: An Overview of Legally Protected Leave,https://gsa.csod.com/ui/lms-learning-details/app/course/073d1602-4113-4ae7-a8b3-f04a14f38a48,DNS ERROR,"env=external. tld=all. DNS error — [Errno 8] nodename nor servname provided, or not known"
208,Proper Use of Government Payment Cards,https://gsa.csod.com/ui/lms-learning-details/app/course/82d9efa9-5aa1-4604-8018-6f821df45513,DNS ERROR,"env=external. tld=all. DNS error — [Errno 8] nodename nor servname provided, or not known"
209,Improper Business Practices in Government Contracting,https://gsa.csod.com/ui/lms-learning-details/app/course/90317fcd-f0b5-4bab-864f-9ae12b4cbee4,DNS ERROR,"env=external. tld=all. DNS error — [Errno 8] nodename nor servname provided, or not known"
210,Congressional Justifications Workshop,https://gai.georgetown.edu/congressional-justifications-workshop-2-days/,OK (200),env=external. tld=all
211,Preparing and Delivering Congressional Testimony,https://gai.georgetown.edu/preparing-and-delivering-congressional-testimony-2-days/,OK (200),env=external. tld=all
212,"(CURRICULUM) Overview of Federal Programs & Guidelines: Program Laws, Regulations, Standards, and Executive Orders Curricula",https://gsa.csod.com/ui/lms-learning-details/app/curriculum/38a71e0f-3380-435e-a114-db3a9330e86c,DNS ERROR,"env=external. tld=all. DNS error — [Errno 8] nodename nor servname provided, or not known"
213,Providing Comments at the FAR Section Level,https://gsa.csod.com/ui/lms-learning-details/app/course/a8059567-e086-4abe-97ad-3e48a987eaf8,DNS ERROR,"env=external. tld=all. DNS error — [Errno 8] nodename nor servname provided, or not known"
214,Developing and Publishing Regulations,https://gsa.csod.com/ui/lms-learning-details/app/material/026a4016-5aba-4d69-a460-9b72f3242a14,DNS ERROR,"env=external. tld=all. DNS error — [Errno 8] nodename nor servname provided, or not known"
215,Working and communication more effectively with Congres,https://gai.georgetown.edu/working-and-communicating-more-effectively-with-congress-2-days/,OK (200),env=external. tld=all
216,Performance Management Overview (GSA Supervisor Essentials),https://gsa.csod.com/ui/lms-learning-details/app/course/ab08cadf-c1e8-4053-86ae-c3bcf908a5ae,DNS ERROR,"env=external. tld=all. DNS error — [Errno 8] nodename nor servname provided, or not known"
217,"(MATERIAL) Aligning Organizational & Employee Performance, Midyear & Hybrid Work",https://gsa.csod.com/ui/lms-learning-details/app/material/bd1f2a01-9aa4-4988-84c7-dc67b2fe85ab,DNS ERROR,"env=external. tld=all. DNS error — [Errno 8] nodename nor servname provided, or not known"
218,Planning Performance and Developing SMART Performance Plans,https://gsa.csod.com/ui/lms-learning-details/app/course/1198ff68-b612-4345-b328-b3be9e49ab26,DNS ERROR,"env=external. tld=all. DNS error — [Errno 8] nodename nor servname provided, or not known"
219,(CHANNEL) Performance Management & Measurement,https://gsa.csod.com/ui/lms-learning-details/app/onlineContent/5e369c9f-afd7-59b2-9887-31845f88cd32,DNS ERROR,"env=external. tld=all. DNS error — [Errno 8] nodename nor servname provided, or not known"
220,Project Evaluation: Defining Success Metrics,https://gsa.csod.com/ui/lms-learning-details/app/onlineContent/8f5a89cb-e019-5042-9a3e-994501dfd47a,DNS ERROR,"env=external. tld=all. DNS error — [Errno 8] nodename nor servname provided, or not known"
221,Planning Performance Cascading Goals,https://gsa.csod.com/ui/lms-learning-details/app/course/ddb2dacf-8ae4-458d-a6f7-e40ac5fdb6f5,DNS ERROR,"env=external. tld=all. DNS error — [Errno 8] nodename nor servname provided, or not known"
222,Design in Government: Civic Design Studio,https://leadership.opm.gov/programs.aspx?course=341,TIMEOUT,env=external. tld=all. Wall-clock timeout after 8s — server accepted TCP but stalled (likely TLS handshake hang)
223,Procurement Integrity,https://gsa.csod.com/ui/lms-learning-details/app/course/ace79ae3-a844-42d9-9d75-e91ba213fdea,DNS ERROR,"env=external. tld=all. DNS error — [Errno 8] nodename nor servname provided, or not known"
224,Routing the Procurement Request,https://gsa.csod.com/ui/lms-learning-details/app/course/be45e242-e39e-493a-bd16-f9661803d16f,DNS ERROR,"env=external. tld=all. DNS error — [Errno 8] nodename nor servname provided, or not known"
225,Implementing a Procurement Strategy (2021 Update),https://gsa.csod.com/ui/lms-learning-details/app/onlineContent/3d4caddb-6264-5505-8c4c-776e95613e69,DNS ERROR,"env=external. tld=all. DNS error — [Errno 8] nodename nor servname provided, or not known"
226,Deep Dive into Project Procurement (2021 Update),https://gsa.csod.com/ui/lms-learning-details/app/onlineContent/d0f52c41-0133-5107-9da8-3474f8886694,DNS ERROR,"env=external. tld=all. DNS error — [Errno 8] nodename nor servname provided, or not known"
227,IT Policy Landscape: Navigating the Life Cycle of a Federal IT Procurement,https://gsa.csod.com/ui/lms-learning-details/app/curriculum/fc198f14-fdec-4ffe-a068-6cf61c0d164f,DNS ERROR,"env=external. tld=all. DNS error — [Errno 8] nodename nor servname provided, or not known"
228,Procurement Innovation,https://bmra.com/course-item/procurement-innovation/,OK (200),env=external. tld=all
229,Intermediate Agile Techniques For Contracting Professionals,https://www.managementconcepts.com/course/id/1042,OK (200),env=external. tld=all. Redirected (HEAD) → https://www.managementconcepts.com/product/1042
230,Applying Research Methods for Trend & Impact Analysis,https://gsa.csod.com/ui/lms-learning-details/app/onlineContent/7b226db7-9c28-5359-bf9f-4415246eff3f,DNS ERROR,"env=external. tld=all. DNS error — [Errno 8] nodename nor servname provided, or not known"
231,Data Research: Data Research Techniques,https://gsa.csod.com/ui/lms-learning-details/app/onlineContent/a1a23d51-6bf2-5441-8f59-2a92aa401c3e,DNS ERROR,"env=external. tld=all. DNS error — [Errno 8] nodename nor servname provided, or not known"
232,Data Research: Data Research Exploration Techniques,https://gsa.csod.com/ui/lms-learning-details/app/onlineContent/3e3cd8bc-651d-59c9-b3fe-87394584c5b6,DNS ERROR,"env=external. tld=all. DNS error — [Errno 8] nodename nor servname provided, or not known"
233,Data Research: Data Research Statistical Approaches,https://gsa.csod.com/ui/lms-learning-details/app/onlineContent/864565af-79a5-5bf9-a38b-0a8bf79b189d,DNS ERROR,"env=external. tld=all. DNS error — [Errno 8] nodename nor servname provided, or not known"
234,Data Collection Techniques,https://www.managementconcepts.com/course/id/4610,OK (200),env=external. tld=all. Redirected (HEAD) → https://www.managementconcepts.com/product/4610
235,Market Research,https://bmra.com/course-item/market-research/,OK (200),env=external. tld=all
236,Performing Risk Analysis (2021 Update),https://gsa.csod.com/ui/lms-learning-details/app/onlineContent/4a4ed4c3-b5a6-575f-9f88-0bde41e96629,DNS ERROR,"env=external. tld=all. DNS error — [Errno 8] nodename nor servname provided, or not known"
237,"Risk Analysis, Second Edition",https://gsa.csod.com/ui/lms-learning-details/app/onlineContent/720c8a11-6de1-5017-8c8c-378ae3b79d98,DNS ERROR,"env=external. tld=all. DNS error — [Errno 8] nodename nor servname provided, or not known"
238,Project Risk Management,https://www.managementconcepts.com/course/id/6103,OK (200),env=external. tld=all. Redirected (HEAD) → https://www.managementconcepts.com/product/6103
239,Risk Management: Project Risk Assessment,https://gsa.csod.com/ui/lms-learning-details/app/onlineContent/f0418f8e-d5ac-5530-bce6-b1de61158d6f,DNS ERROR,"env=external. tld=all. DNS error — [Errno 8] nodename nor servname provided, or not known"
240,Assessing Your Organization's Risks,https://gsa.csod.com/ui/lms-learning-details/app/course/15d6b675-8613-420d-a043-f60cb4b5dec7,DNS ERROR,"env=external. tld=all. DNS error — [Errno 8] nodename nor servname provided, or not known"
241,"Understanding Enterprise Risk Management, Internal Controls, And Fraud Prevention In The Federal Environment",https://www.managementconcepts.com/course/id/5892,OK (200),env=external. tld=all. Redirected (HEAD) → https://www.managementconcepts.com/product/5892
242,Aviation Management Policy Overview | GSA,https://www.gsa.gov/policy-regulations/policy/aviation-management-policy-overview,OK (200),env=external. tld=all. Redirected (HEAD) → https://www.gsa.gov/policy-regulations/policy/aviation-management-policy
243,Climate Terms and Tools \- GSA Sustainable Facilities Tool,https://sftool.gov/learn/about/639/climate-terms-tools,OK (200),env=external. tld=all. Redirected (HEAD) → https://www.gsa.gov/governmentwide-initiatives/federal-highperformance-buildings/highperformance-building-clearinghouse
244,Understand Climate Change \- Globalchange.gov,https://www.globalchange.gov/climate-change,DNS ERROR,"env=external. tld=all. DNS error — [Errno 8] nodename nor servname provided, or not known"
245,Climate Action and Sustainability | GSA,https://www.gsa.gov/governmentwide-initiatives/climate-action-and-sustainability,NOT FOUND (404),env=external. tld=all. HEAD returned 404; confirming with GET
246,Greening Federal Buildings | GSA,https://www.gsa.gov/governmentwide-initiatives/climate-action-and-sustainability/greening-federal-buildings,NOT FOUND (404),env=external. tld=all. HEAD returned 404; confirming with GET
247,Federal High-Performance Green Buildings | GSA,https://www.gsa.gov/governmentwide-initiatives/federal-highperformance-green-buildings,OK (200),env=external. tld=all. Redirected (HEAD) → https://www.gsa.gov/governmentwide-initiatives/federal-highperformance-buildings
248,GSA's Climate Change Risk Management Plan,https://www.sustainability.gov/pdfs/gsa-2021-cap.pdf,OK (200),env=external. tld=all
249,https://insite.gsa.gov/services-and-offices/office-of-governmentwide-policy/office-of-technology-policy,https://insite.gsa.gov/services-and-offices/office-of-governmentwide-policy/office-of-technology-policy,OK (200),env=external. tld=all. Domain 'insite.gsa.gov' is internal/restricted — results may fail or require authentication from outside VPN. Redirected (HEAD) → https://auth.gsa.gov/oauth2/v1/authorize?client_id=0oabren9fzQyIdP7A4h7&response_type=code&scope=openid%20email%20profile&redirect_uri=https%3A//insite.gsa.gov/openid-connect/okta&state=T-kuZreva2HWnedkSD2yIgz1JHBV5AnK0li0rjzIHs4&code_challenge_method=S256&code_challenge=9PQYr-r74YzFKzIg2mg0iAh8b4BY4EZqNuULnccESiw
250,https://www.gsa.gov/policy-regulations/policy/information-technology-policy/it-accessibility-section-508,https://www.gsa.gov/policy-regulations/policy/information-technology-policy/it-accessibility-section-508,NOT FOUND (404),env=external. tld=all. HEAD returned 404; confirming with GET
251,https://www.gsa.gov/policy-regulations/policy/federal-advisory-committee-act-faca-management-overview,https://www.gsa.gov/policy-regulations/policy/federal-advisory-committee-act-faca-management-overview,OK (200),env=external. tld=all. Redirected (HEAD) → https://www.gsa.gov/policy-regulations/policy/faca-overview
252,https://www.gsa.gov/far,https://www.gsa.gov/far,NOT FOUND (404),env=external. tld=all. HEAD returned 404; confirming with GET
253,FAR | Acquisition.GOV,https://www.acquisition.gov/browse/index/far,OK (200),env=external. tld=all
254,https://www.gsa.gov/gsam,https://www.gsa.gov/gsam,NOT FOUND (404),env=external. tld=all. HEAD returned 404; confirming with GET
255,General Services Acquisition Manual (GSAM),https://www.acquisition.gov/browse/index/gsam,OK (200),env=external. tld=all
256,Federal Regulation Policy Overview | GSA,https://www.gsa.gov/policy-regulations/policy/federal-regulation-policy-overview,OK (200),env=external. tld=all. Redirected (HEAD) → https://www.gsa.gov/policy-regulations/policy/federal-regulation-policy
257,Federal Management Regulation | GSA,https://www.gsa.gov/policy-regulations/regulations/federal-management-regulation,OK (200),env=external. tld=all
258,https://insite.gsa.gov/topics/hr-pay-and-leave/hr-pay-and-leave-policies-and-resources,https://insite.gsa.gov/topics/hr-pay-and-leave/hr-pay-and-leave-policies-and-resources,OK (200),env=external. tld=all. Domain 'insite.gsa.gov' is internal/restricted — results may fail or require authentication from outside VPN. Redirected (HEAD) → https://auth.gsa.gov/oauth2/v1/authorize?client_id=0oabren9fzQyIdP7A4h7&response_type=code&scope=openid%20email%20profile&redirect_uri=https%3A//insite.gsa.gov/openid-connect/okta&state=V7S-LaEvDUIb_YJHwXDBlAi3jj90dfCGyhAPLCdL58c&code_challenge_method=S256&code_challenge=zQjZtbNY5HmngZ2rprqQdxB9yYKKHeMGsL6yVv_uksQ
259,Identity Assurance and Trusted Access | GSA,https://www.gsa.gov/policy-regulations/policy/information-technology-policy/identity-assurance-and-trusted-access,OK (200),env=external. tld=all
260,https://www.gsa.gov/policy-regulations/policy/information-technology-policy/it-modernization,https://www.gsa.gov/policy-regulations/policy/information-technology-policy/it-modernization,OK (200),env=external. tld=all
261,Mail Management Policy Overview | GSA,https://www.gsa.gov/policy-regulations/policy/mail-management-policy-overview,OK (200),env=external. tld=all
262,Personal Property Policy Overview | GSA,https://www.gsa.gov/policy-regulations/policy/personal-property-policy-overview,OK (200),env=external. tld=all
263,https://www.reginfo.gov/public/jsp/Utilities/aboutUs.myjsp,https://www.reginfo.gov/public/jsp/Utilities/aboutUs.myjsp,OK (200),env=external. tld=all
264,https://www.gsa.gov/policy-regulations/policy/real-property-policy-division-overview,https://www.gsa.gov/policy-regulations/policy/real-property-policy-division-overview,OK (200),env=external. tld=all
265,Framework for Managing Climate Risks to Federal Agency Supply Chains \- GSA Sustainable Facilities Tool,https://sftool.gov/plan/553/framework-managing-climate-risks-federal-agency-supply-chains,OK (200),env=external. tld=all. Redirected (HEAD) → https://www.gsa.gov/governmentwide-initiatives/federal-highperformance-buildings/highperformance-building-clearinghouse
266,https://www.gsa.gov/policy-regulations/policy/employee-relocation-management-policy,https://www.gsa.gov/policy-regulations/policy/employee-relocation-management-policy,OK (200),env=external. tld=all
267,Travel Management Policy Overview | GSA,https://www.gsa.gov/policy-regulations/policy/travel-management-policy-overview,OK (200),env=external. tld=all
268,https://www.gsa.gov/policy-regulations/policy/transportation-management-polic,https://www.gsa.gov/policy-regulations/policy/transportation-management-policy,OK (200),env=external. tld=all
269,https://www.gsa.gov/ft,https://www.gsa.gov/ftr,OK (200),env=external. tld=all. Redirected (HEAD) → https://www.gsa.gov/policy-regulations/regulations/federal-travel-regulation?gsaredirect=ftr
